{"cameraMode":{"drawMode":0,"name":"Shaded","section":"Shading Mode"},"sceneLighting":true,"audioPlay":false,"sceneViewState":{"m_AlwaysRefresh":false,"showFog":true,"showSkybox":true,"showFlares":true,"showImageEffects":true,"showParticleSystems":true,"showVisualEffectGraphs":true,"m_FxEnabled":true},"in2DMode":false,"pivot":{"x":-19.947994232177736,"y":-6.08868408203125,"z":28.91055679321289},"rotation":{"x":0.7763350605964661,"y":-0.006617693230509758,"z":0.008151818998157978,"w":0.6302332282066345},"size":27.071178436279298,"orthographic":true}