{"cameraMode":{"drawMode":0,"name":"Shaded","section":"Shading Mode"},"sceneLighting":true,"audioPlay":false,"sceneViewState":{"m_AlwaysRefresh":false,"showFog":true,"showSkybox":true,"showFlares":true,"showImageEffects":true,"showParticleSystems":true,"showVisualEffectGraphs":true,"m_FxEnabled":true},"in2DMode":false,"pivot":{"x":22.301530838012697,"y":-3.5983505249023439,"z":16.284202575683595},"rotation":{"x":0.7763350605964661,"y":-0.006617693230509758,"z":0.008151818998157978,"w":0.6302332282066345},"size":24.01780128479004,"orthographic":true}