{"cameraMode":{"drawMode":0,"name":"Shaded","section":"Shading Mode"},"sceneLighting":true,"audioPlay":false,"sceneViewState":{"m_AlwaysRefresh":false,"showFog":true,"showSkybox":true,"showFlares":true,"showImageEffects":true,"showParticleSystems":true,"showVisualEffectGraphs":true,"m_FxEnabled":true},"in2DMode":false,"pivot":{"x":-3.5796642303466799,"y":1.9810059070587159,"z":0.8270131349563599},"rotation":{"x":-0.04251580685377121,"y":0.6463385820388794,"z":-0.03610963746905327,"w":-0.7610106468200684},"size":19.92184829711914,"orthographic":false}